{"cameraMode":{"drawMode":0,"name":"Shaded","section":"Shading Mode"},"sceneLighting":false,"audioPlay":false,"sceneViewState":{"showFog":true,"showMaterialUpdate":false,"showSkybox":true,"showFlares":true,"showImageEffects":true,"showParticleSystems":true},"in2DMode":false,"pivot":{"x":-0.012178659439086914,"y":-0.828716516494751,"z":-10.759334564208985},"rotation":{"x":0.010485154576599598,"y":0.9886975288391113,"z":-0.12404479831457138,"w":0.08354745805263519},"size":13.53128433227539,"orthographic":false}