{"cameraMode":{"drawMode":0,"name":"Shaded","section":"Shading Mode"},"sceneLighting":false,"audioPlay":false,"sceneViewState":{"showFog":true,"showMaterialUpdate":false,"showSkybox":true,"showFlares":true,"showImageEffects":true,"showParticleSystems":true},"in2DMode":false,"pivot":{"x":-0.46299731731414797,"y":0.3055000901222229,"z":-2.398967742919922},"rotation":{"x":0.10375375300645828,"y":-0.7656064033508301,"z":0.12772797048091889,"w":0.6219064593315125},"size":1.7790775299072266,"orthographic":false}